,new_title,new_description,new_link,new_price,new_ship_price,new_ship_how
0,Magneto Bamboo Cruiser Longboard," KICKTAIL CRUISER Longboard Cruise in Style The Kicktail Cruiser is inspired by the vibrant Carlsbad surf and skating community. The design really shows off the beautiful materials of the deck while keeping a clean and stylish look. Style is the name of the game with this longboard. Great for Beginners The Kicktail Cruiser is a great option for beginners and pros alike! The deck is nice and stable without much flexibility making it easy and safe to ride. The wheels are nice and soft for extra grip while turning and a super smooth ride over rougher roads. Whether this is your first board or another added to your quiver, you'll get a lot of joy out of this board. High Quality Materials and Components We used our typical high quality components to build out this board because beginners deserve great components just like advanced riders require. No compromises were made in the design of the Kicktail Cruiser. Aluminum Trucks The trucks are made from gravity cast aluminum which makes them strong and durable. They have a tumbled finish and are the standard longboard size. Bamboo Maple Deck The deck is made with bamboo veneer on top and bottom with a maple core to add strength and stiffness. Our logo is laser etched directly into the bamboo. Soft Urethane Wheels A 78A soft urethane is used for the 70mm wheels. With a cool translucent look, the wheels are sized perfectly for the cruising this board excels at.",https://www.ebay.com/itm/Magneto-Bamboo-Cruiser-Longboard/193624501870?var=493840233073?,79.99, FREE ,"Carlsbad, California, United States"
1,17 Key Kalimba Thumb Piano High-Quality Wood Body Sanza Mbira Musical Instrument,"Kalimba Cosmetic Tools Makeup Brush Lipstick Brush Cleaner Beauty & Personal Care Facial Brush Hair Brush Pedicure/Manicure Tools Foot Care Nail Care Daily Use Kitchenware Bathroom Ware Consumer Electronics Smart Watch 3D Printing Pen CPU Fans Other 17 Key Kalimba Thumb Piano High-Quality Wood Body Sanza Mbira Musical Instrument Product Description 17 Keys Kalimba Solid Wood Material Thumb Finger Hand Piano Sanza Mbira Likembe 17 Keys Kalimba Thumb Piano High-Quality Wood Mahogany Body Musical Instrument 100% Brand New & High Quality M aterial:W ood,Metal Color:As see the pictures. Applicable People:Beginner,High-end Positioning,Home Education Package Included: 1 x 17 Keys Kalimba Custom name and design processes service available , Please do not feel hesitate to ask.( Need Pay extra c h a r g e and need wait 1-2 weeks ). For any updates inquires, like wood parts, hardware and inlay. ..Please contact us for more details. We provide wholesale program. Price is open for discussion. Description: The kalimba is an African musical instrument consisting of a wooden board (often collated with aresonator) with attached staggered metal tines, playing by holding the instrument in the hands and plucking the tines with the thumbs. Just need to use two thumbs to make a sound. The kalimba is classified as part of thelamellaphonefamily, and part of theidiophonefamily of musical instruments. Features: - Perfect for Beginners and Children Easy to use, simply pluck the kalimba tines to play, and practice your finger flexibility and coordination. Easy to learn and easy to explore and cultivate your musical talent. - Made of High-quality Wood A beautiful warm solidwood body creates comforting warm sound as only natural products can make. -Super Craftsmanship Our thumb piano keys are accurately tuned length of steel which delivers clear, crisp sound and tones. Fine workmanship will bring you beautiful music. - Security Protection Kalimba box can effectively protect kalimba regardless of performance or collection, preventing moisture, oxidation, scratches, falling, and very easy to carry. - Small Kalimba Music Instrument It is favored because of its compact size and simplicity. Our kalimba is lightweight and portable so you can make music anywhere anytime. - 17 Steel Keys and 2 Vibrato Holes The metal keys are mounted on a wooden box that acts as the resonating chamber. As you play you can uncover and cover the vibrato holes as you like to create personalized tones. Note :Light shooting and different displays may cause the color of the item in the picture a little different from the real thing. The measurement allowed error is +/- 1-2cm. Payment Policy Shipping Policy Terms of Sale Return Policy Customer Service Payment Policy We accept PayPal only. We only ship item to your PayPal verified address. Please make payment asap, then we can arrange shipment for you asap. Shipping Policy Item will be sent within 24-48 hours of payment verification. Delivery time depends on the destination country and customs. TO USA          about 10-20 working days TO UK           about 15-25 working days TO AU           about 15-30 working days TO Canada        about 20-35 working days TO France        about 20-35 working days TO Germany       about 20-35 working days TO Russian        about 25-40 working days South American     about 25-40 working days Terms of Sale Our listing price includes the value of goods, packaging cost, and export taxes, not including international import duties. Import duties, taxes, and charges are not included in the item price or shipping fee. The import duties are buyer's responsibility. Please check with your country's customs office determine what these additional costs will be prior to your purchase. All disputes arising from the import duties will be submitted to  for solution. Return Policy You may return your item in the original packaging & condition for a refund within 14 days since you receive the item. Please contact us before sending back the item to us. Buyer will be responsible for return postage. Should you have any question, please send message to our  account. Customer Service Our working time: Beijing time: Monday to Friday 9:00 am to 5:00 pm. Any questions, please contact us via  message, We will reply within 48 hours in our working hours. If you are satisfied with our service, please kindly leave us a positive feedback and give us the Detailed Seller Rating with all ""5 stars"" in very area. Our aim is to provide Top Level Customer Service, your recognition will encourage us greatly and serve you better. We strive to keep all our customers satisfy. We greatly appreciate your POSITIVE feedback. Please do NOT leave negative feedback without asking for help. Thanks! Copyright Â© 2018 Dianxiaomi",https://www.ebay.com/itm/17-Key-Kalimba-Thumb-Piano-High-Quality-Wood-Body-Sanza-Mbira-Musical-Instrument/254673187917?,24.99, FREE ,"Walnut, California, United States"
2,Best Friend Gifts For Bestie Gift For Bff Mug Galentines Day Gifts Best Friend," Product Details. This high quality 11oz & 15oz. ceramic white mug has a premium hard coat that provides crisp and vibrant color reproduction sure to last for years. Perfect for all hot & cold beverages. The highest quality printing possible is used. It will never fade no matter how many times you wash it. Material: 100% Ceramic. Printboth sides. Dishwasher and Microwave Safe. High Gloss + Premium White Finish. Printed in the U.S.A. Personalized & Custom. We support personalized and custom mug to add custom, when placing an order, you can add notes to the “order note” in shipping address section. Also you can contact us directly via message. Shipping Info. Ready to ship in 1–2 business days, All products are made-to-order and proudly printed in the United States. Shipped by USPS and DHL, You will receive your order in 5-7 days. Replace & Refund. All products are defective during shipping broken , chipped will be replaced free of charge. You are not satisfied with the product, we will refund 100% money to you. If any other issues arise, please do not hesitate to contact us– we would be more than happy to assist you.",https://www.ebay.com/itm/Best-Friend-Gifts-For-Bestie-Gift-For-Bff-Mug-Galentines-Day-Gifts-Best-Friend/383346175175?var=651811952477?,12.99/ea, FREE ,"Waldorf, Maryland, United States"
3,KKMOON 16CH 5MP Lite H.265+ DVR 720P Outdoor Security Camera System Night Vision," Note: This DVR kit is shipped with no hard disk, so you may need buy and install it yourself, and it has SATA3.0 cable inside, so you can easily connect and install the hard disk. Hard Disk Required: 3.5inch SATA port, 500G-3TB capacity. Note: This camera is only suitable to use in America, Canada and Japan. Note: If you need download the software or more detailed information, you can download it by the link on the user manual. Features: *Consist of 16CH 1080P H-ybrid NVR AHD TVI CVI DVR 5-in-1 Digital Video Recorder + 16*1500TVL 720P AHD waterproof infrared camera + 16*60ft cable for CCTV security system *NVR CVI TVI HVR AHD 5-in-1 function, support both AHD camera and analog camera input.(Support up to 1080P CCTV analog camera and 5MP IP camera input). *Multiple ways to access on the PC, phone/pad and browser via softwares by the link on the user manual. *Support motion detection record and push notification. *Plug and play use, no need any complex installation. DVR Specifications: Processor: Hi3531 chip Operating System: Embedded Linux System Menu Display: 1/4/8/9/16 Screen Signal System: PAL/NTSC Frame Rate: 1-25fps (PAL), 1-30fps (NTSC) Recording resolution: Main-stream: 1080N/960H/D1 Compression Format: H.265+ Analog Input: 8*1080N,16*1080N,16*960H Network Input: 8*1080P, 8*960P, 4*5MP,4*3MP H-ybrid Input: 8*1080N (analog) + 8*960P (IPC) Max Sync Playback: 16channel 1080N Record Mode: Manual/Scheduled/Motion Detection Pre Record: 0-30s; Post Record: 0-300s Region Cover: Support 4 areas block Digital Zoom: support; Dual stream: support Video Input: 16ch BNC; Video Output: 1ch HD/VGA Audio Input: 2ch RCA; Audio Output: 1ch RCA Network Protocol: Onvif, HTTP, DHCP, PPPOE, DDNS, SMTP, FTP, RTSP OSD Language: English, German, French, Spanish, Italian, Japanese, Portuguese, Russian, etc DVR Resolution: 1920*1080, 1440*900, 1280*1024, 1280*720, 1024*768 Phone/Pad APP: support for Android/iOS OS APP Name: XMEye (can download on APP store or for Google Play) PC Software: support windows xp, win7, win8, win10, etc Browser: support IE, Safari, Chrome, Firefox, etc DVR Size: 26.1*22.7*4.5cm / 10.28*8.94*1.77in DVR Weight: 940g / 2.07Lb Package Size: 34.5*27.5*7.5cm / 13.6*10.83*2.95in Package Weight: 1499g / 3.3lb Camera Specifications: Image Sensor: 1/4inch CMOS Signal System: NTSC System Horizontal Resolution: 1500TVL 720P Pixels: 1.0MP, 1280*720 Light Sensor: Built-in IR Led: 24pcs, auto on/off IR-CUT Filter: Built-in Min. Illumination: 0 lux (IR on) Focus: 3.6mm fixed lens Night Vision Distance: 20-30m Waterproof Grade: IP66 Material: Aluminum alloy Camera Size (without bracket): 8.5*5.6*5.5cm Bracket Height: 7cm/2.76in Camera Weight (without bracket): 156g / 5.52oz Package List: If you choose 16pcs cameras 1 * KKmoon 16CH DVR (NO HDD) 16 * KKmoon 1500TVL AHD Camera 16 * Adjustable Bracket 16 * 60ft CCTV Cable 1 * Remote Control (2*AAA battery excluded) 5 * US Power Supply 4 * 1 to 4 Split Cable 1 * USB Mouse 16 * Bag of Screws for Camera Mounting 1 * Bag of Screws for HDD Installation 16 * KKmoon Warning Sign 1 * User Manual (English/German)",https://www.ebay.com/itm/KKMOON-16CH-5MP-Lite-H-265-DVR-720P-Outdoor-Security-Camera-System-Night-Vision/143808228349?var=442981852173?,149.99, FREE ,"Dayton, New Jersey, United States"
4,8CAM Security Camera System 720P Wired DVR Kit HD CCTV Outdoor/Indoor," BEST PRICING FREE SHIPPING HIGH QUALITY 8CAM Security Camera System 720P Wired DVR Kit HD CCTV Outdoor/Indoor DETAILS Key Features Advanced motion detection and email alert:Set a perimeter zone or a schedule to detect motion,when a camera detects motion,it will send an alert email to your smartphone and trigger recording( Setup email alarm in the DVR:Main menu---Set Up--- Alarm---Other Alarm ) 4 in 1 TVI DVR Main Features Video/Audio input :8 channel video input,4 channel audio input Video output: 1CH TV,1CH VGA,1CH HDMI HD output Display: 1/4/8 USB Interface: 3 x USB2.0 Trigger Event:Recording,PTZ,Tour,Alarm,Video Push,Email,FTP,Spot,Buzzer & Screen Tips Internal Hard drive: 1 SATA Port,Up to 6TB Recording Modes: Manual/Motion/Schedule/Recycle,Easily find and playback your security footage by searching a specific channel using date or time Ethernet: RJ-45 Port Max.User Asess: 10Users Remote Operation(via 3G/4G/WIFI): Via http using IE & iPhone,iPad,Android & PC Client PTZ Control: Support Dimension: L230*W230*H42mm Camera Main Features Model NO.:418 Image Sensor: 1/3"" Color CMOS with IR-Cut Horizontal Resolution: 720P(1280*720) Lens: 3.6mm IR LEDs Amount: 24 LEDs IR Distance: up to 65ft (20m) Waterproof Level: IP66 Weatherproof Package Contents 1 x ZOSI 8CH TVI DVR 8 x ZOSI 720P Camera 8 x 60FT BNC+DC CCTV cable for camera This is NOT A Wireless Camera System, but we offer 60FT CABLE for each camera. 3 x 12V/2000mA Power Supply 1 x Mouse 2 x 1 to 4 Power Splitter 8 x Mounting screw bag 1 x Instruction manual 1 x CD NO Hard drive included & Not support any external hard drive HDD Compatible with our DVR: Internal SATA 3.5"" Consumer Electronics HDD (1). QR code scan via mobile device using our free ZOSI View app (available on iOS/Android).Live view and playback on your smartphone. (2). 720P AHD-TVI Video(Not 1080P) - Get a sharp and crisp image day or night with the Weatherproof camera's automatic IR-cut filter. Up to 65ft night vision. (3). Ultra long continuous recording & easy USB backup:The TVI DVR can be set to automatically overwrite the oldest stored footage,and you can backup the records via the USB backup (4).【Internal hard drive not included. Cannot Record or Playback without Hard Drive.Must purchase separately! 】Intelligent motion detection email alert with images; Motion detection recording allows you save more capacity hard drive. (5). All systems CE & FCC certified with qualified power supplies.Guaranteed for 2 Year & Free life time Tech Support.//// Please refer to the last product images on the left side ,it will show you how to contact us for help ! Definitely respond within 24 hours! Height: 1218 x Length: 1808 x Weight: 2150 x Width: 1179 Shipping Shipping is FREE to all addresses other than APO/PO boxes in the lower 48 states, with the exception of ( CA, CT, FL, HI, MA, MD, MS, and TN) due to higher tax rates. Our stock all ships from our US-based warehouses. Shipped via USPS, UPS, or Fed Ex (depending on location and package weight). Unless stated otherwise, all orders will ship within 36 hours of your payment being processed. Check our feedback to see the great reviews of FAST shipping we offer. Note: We do not recommend P.O. Boxes. Providing a P.O Box maye result in delivery delays, and some items cannot be shipped to a P.O. Box at all. Please provide a PHYSICAL ADDRESS . Payment & Return PAY SAFE: PAYPAL PAYMENT IS ACCEPTED We offer a 30 day return policy for our products. We stand behind our products. Item's can be returned for exchange or full refund within 30 days from the date you receive your merchandise. We are not responsible for any purchase after this 30 day period. Return shipping is the responsibility of buyer unless the return is a result of our mistake. We will pay for shipping replacement back to you if an exchange is requested. If you have any questions please contact us through ""Ask seller a question"" link. We will respond within 1 business day or less. All returns must be done within 30 days of the date of purchase. Please note that we cannot give refunds after the 30 day limit has expired. When sending in a return, please note that it can take up to 7 business days for the return to be processed. We do our best to process as quickly as possible. DELIVERY TIMES Domestic lower 48 free shipping is expedited for item's. We have many different shipping locations depending on the product you buy and the shipping location that you choose. We try to ship most items within 36 hours of payment Monday-Friday. Most orders are in transit for two days but some may take longer. If you have a specific time frame please contact us before you make the purchase. Feedback 100% satisfied customers. It says it all. Thank you for shopping with us! BEST PRICING FAST SHIPPING HIGH QUALITY",https://www.ebay.com/itm/8CAM-Security-Camera-System-720P-Wired-DVR-Kit-HD-CCTV-Outdoor-Indoor/332573427974?,205.74, FREE ,"Multiple Locations, United States"
5,XVIM 5in1 4CH 1080P DVR 1920TVI IR Night Vision Home Security Camera System US," Pls note that the cameras are wired, not wireless Hard drive not included",https://www.ebay.com/itm/XVIM-5in1-4CH-1080P-DVR-1920TVI-IR-Night-Vision-Home-Security-Camera-System-US/112673492361?,94.99/ea, FREE ,"Cranbury, New Jersey, United States"
6,Samsung Wisenet - SmartCam D1 - WIRED Video Doorbell Camera - 1080p," Images shown are of a display model. You will receive a brand new item. *Please examine all pictures, and read condition notes. Feel free to contact us before or after purchase to resolve anything. Before contacting  or leaving negative feedback, contact us and we will happily resolve anything.",https://www.ebay.com/itm/Samsung-Wisenet-SmartCam-D1-WIRED-Video-Doorbell-Camera-1080p/274517134462?,27.27, FREE ,
7,HD Mini Camera Wireless WIFI IP Pinhole Home Security Micro DVR DIY Module USA," Feature: Description: Item Type: Security Camera Battery Capacity: 2800mah Microphone: Built-In Operating Voltage: 5W Shell Material: Plastic Video Resolution: 1080P/720P/640P/480P Weight: 170g Min. Illumination: 2 Lux Working Temperature: -10-60℃ Size: 10X8.7cn Video Recording Frame Rate: 25/30fps Lens View Angle: 90 Degree Memory: Support 32GB Micro Card In Max Operating Battery Life Time:4 Hours Web Browser: IE7 And Above, Chrome, Firefox, Safari.Etc Smart Phone Operating System: Iphone Ipad Or Android Battery Charging Voltage: DC 5V Video Format: ASF Player Software: Vlcplayer/Smplayer Features -- Real-Time Audio & Video Recording -- Support PC Computer View And Control -- 90 Degree Lens View Angle Package A: 1 * Safety Camera 1 * USB Cable 1 * User Manual How to connect it to your cell phone: 1.download the app with your home network scan code first 2.Choose app according to your mobile phone model 3. turn on the switch on the module 4.It will emit blue light after opening, and a new wireless network will appear in the wireless network list of your mobile phone. After connecting to the wireless network, you can see the video. Payment: PayPal only. Please leave clear & correct address in PAYPAL note. If you want to change delivery address pls contact us in time. Delivery Detail: NOTICE:There are always uncertainties during shipping, if your item does not show up over the period we estimate to arrive, please feel free to contact us, we'll solve the delivery problems for you. All items are shipped out within 24 hours after payment is received. We work on weekday, excluding weekend & holidays. Pls note that items purchased on weekends and Bank Holidays are dispatched the next working day. Local pick up is NOT available. Import duties, taxes and charges are not included in the item price or shipping charges. These charges are the buyer's responsibility. ONLY ship to PayPal shipping address. (Please make sure your PayPal shipping address is correct before finalizing order and submitting payment. We only ship to the shipping address submitted with the payment!) .We will not be responsible for item loss due to wrong or unknown address. Contact us: After receiving the item, cancel the purchase within30 days Return postage: Buyer pays return postage Return policy details: If you are not satisfied with the item,we can accept return. We do not undertake the shipping costs of return. Refund accepted: If item is broken when it arrives or,if there is any problem within 30 days; a refund is acceptable. Please leave us 5 perfect stars if you are satisfied with our service. If you are disatisfied,contact us first and we will resolve problems as much as we can do for you. We hope we can do all our best for you before you need to leave a negative feedback If you are not satisfied with the item,we can accept return. If you have any questions,Please Contact Us First,Thank you!(We Will Help Asap) Description: Item Type: Security Camera Battery Capacity: 2800mah Microphone: Built-In Operating Voltage: 5W Shell Material: Plastic Video Resolution: 1080P/720P/640P/480P Weight: 170g Min. Illumination: 2 Lux Working Temperature: -10-60℃ Size: 10X8.7cn Video Recording Frame Rate: 25/30fps Lens View Angle: 90 Degree Memory: Support 32GB Micro Card In Max Operating Battery Life Time:4 Hours Web Browser: IE7 And Above, Chrome, Firefox, Safari.Etc Smart Phone Operating System: Iphone Ipad Or Android Battery Charging Voltage: DC 5V Video Format: ASF Player Software: Vlcplayer/Smplayer Features -- Real-Time Audio & Video Recording -- Support PC Computer View And Control -- 90 Degree Lens View Angle Package A: 1 * Safety Camera 1 * USB Cable 1 * User Manual How to connect it to your cell phone: 1.download the app with your home network scan code first 2.Choose app according to your mobile phone model 3. turn on the switch on the module 4.It will emit blue light after opening, and a new wireless network will appear in the wireless network list of your mobile phone. After connecting to the wireless network, you can see the video. Location Descriptions In order to improve buyer's purchasing experience and let the buyer receive items as soon as possible, we currently set four warehouses in diffirent cities of United States . When the order is generated, we would send the item to the buyer from the nearest warehouse with sufficient inventory to the order receiving address. Hope you could get your item soon,if you have any problem,please contact us by email. Thanks for your understanding and support in advance! About us Delivery Detail Payment Return policy details About us Great Team. great Culture Were a customer-driven team of accountability people, who work in the environment of pul growth and learning. We focus on doing things well. We work in small, scrappy teams that experiment rapidly, fail fast, learn and iterate quickly. And we deliver bundle solution products that delight our users and customers throughout communityship network. SAGOSKATT= Idea Solution: The primary intention of the "" SAGOSKATT""is""Simply. to bring performance electronic accessories with solution to get rid of tech headache Smart guy can benefit from SAGOSKATT: Save your choosing time. Your time is invaluable. Worry-free ownership. Essential accessories at a great value Shopping with confidence. 100% satisfaction guaranteed. Contact easy By visiting us to chat, send us email or call us directly. You can leave us message even if we are offline during no-bu Return easy. If, for any reason, you are unsatisfied with your purchase, you may return it in its original condition within 30 days for a refund Let us make life simple Delivery Detail NOTICE:There are always uncertainties during shipping, if your item does not show up over the period we estimate to arrive, please feel free to contact us, we'll solve the delivery problems for you. All items are shipped out within 24 hours after payment is received. We work on weekday, excluding weekend & holidays. Pls note that items purchased on weekends and Bank Holidays are dispatched the next working day. Local pick up is NOT available. Import duties, taxes and charges are not included in the item price or shipping charges. These charges are the buyer's responsibility. ONLY ship to PayPal shipping address. (Please make sure your PayPal shipping address is correct before finalizing order and submitting payment. We only ship to the shipping address submitted with the payment!) .We will not be responsible for item loss due to wrong or unknown address. After receiving the item, cancel the purchase within30 days Return postage: Buyer pays return postage Payment PayPal only. Please leave clear & correct address in PAYPAL note. If you want to change delivery address pls contact us in time. Return policy details If you are not satisfied with the item,we can accept return. We do not undertake the shipping costs of return. If item is broken when it arrives or,if there is any problem within 30 days; a refund is acceptable. Please leave us 5 perfect stars if you are satisfied with our service. If you are disatisfied,contact us first and we will resolve problems as much as we can do for you. We hope we can do all our best for you before you need to leave a negative feedback If you are not satisfied with the item,we can accept return. On Dec-02-20 at 20:11:12 PST, seller added the following information:",https://www.ebay.com/itm/HD-Mini-Camera-Wireless-WIFI-IP-Pinhole-Home-Security-Micro-DVR-DIY-Module-USA/124469364362?,17.89, FREE ,"Gaithersburg, Maryland, United States"
8,Waterproof Bluetooth Smart Watch Phone Mate Fitness Tracker For All Smart Phone," Watch Specifications: Please see this video as a reference for details: https://www.youtube.com/watch?v=kmlukMnD2SA * You may need a SIM card and a Storage Card to get the full functions. * Waterproof for general daily use, but should not be used swimming or in shower. * Surface Treatment Technology: Stainless Steel Wire Drawing Primary Color * CPU: MTK6261D * Weight: 1.76oz / 50g * Dimensions: (9.65 x 1.57 x 0.49)"" / (24.5 x 4 x 1.25) cm * LCD: 1.3′′ inch TFT High Definition LCD * Resolution: 240 x 240 pixel * Frequency: 360MHz * Screen: OGS Capacitive Touch Screen * Bluetooth: Ver 3.0 * Battery of smartwatch: 350mAh Polymer Battery * Bluetooth Connection Standby: >1 Week; * Capacity: 128M+64M; Support 32 GB Max. TF Storage Card (Not Included with the Product) * Compatibility: Android 4.2 and above, iOS system * G-sensor: Support Pedometer Analysis,Sedentary Remind,Sleep Monitoring; Anti-lost; Remote Take Picture * Language: English, Russian,German, Polish, French, Dutch, Spanish, Portuguese, Turkish, Italian,Arabic,Chinese 30 Days Free Return. 90 Days Warranty.",https://www.ebay.com/itm/Waterproof-Bluetooth-Smart-Watch-Phone-Mate-Fitness-Tracker-For-All-Smart-Phone/164344074587?var=464007834394?,17.45, FREE ,"Houston, Texas, United States"
9,US Mini Portable Fast Heater Heated Heating Electric Hot Air Fan Space Desk 400W," US Mini Portable Fast Heater Heated Heating Electric Hot Air Fan Space Desk 400W Item Description Note: This item comes with US plug, please confirm the voltage of your area before purchasing. Description Are you looking for a professional, yet affordable heater fan? Are you in search of a sturdy, trustworthy tool that can do multiple jobs at once? If yes, look no further! Our professional heater fan must meet you needs. It is one of the best choices for you. Features - Color: White/black - Material: ABS, PA - Size: 27.00X13.00X21.00cm/10.61X5.11X8.25in. - Rated power: 350-400W. - Rated frequency: 50Hz. - Rated voltage: AC220V. - Plug voltage: 110V. - Built-in high quality heating core, highly efficient heating. - Mini and portable, suitable for home or office use. - This small heater offers you a warm and comfortable space. - Low noise will not disturb your resting, sleeping, reading, work, etc. - Made of high grade material, durable in use. Package Included 1 x air heater Detail Images Shipment All item will be carefully packaged very well with safe material and shipped to US States. Items will be sent in 2 working days,usually shipped by USPS Priority Mail. It will take about 3-5 days to US addresses. If you would like to ship by other shipment methods,please contact us.( shipping cost will be combined for multiple items you purchase at a time.) Payment Only PayPal is acceptable.It is a safe and easy payment method for buyers. Please pay in 48 hours after you win the item(s).If payment cannot be made in five days,your order(s) will be claimed as unpaid case and the item will be relisted. Return & Refund Customer satisfaction is our first priority. 30-days return is available after delivery. However, return shipping and insurance cost will be on buyers. Please email us before returning. Delivery date will be different according to UPS or USPS tracking system, so please inspect your item immediately upon arrival. Money will be return to you after the return item is sent back. We can not refund to you, if your return item is broken or damaged. Please ensure its safety. Feedback Your feedback is very important to us. If you can't leave us a ""5-Star"" rating and a positive feedback, please contact us without hesitation before leaving feedback. We are eager to work with our customers. We believe in communication. Give us a call or send us an email, we will make things right for our buyers. Positive feedback for our buyers will be left automatically by  Seller Manager Pro.",https://www.ebay.com/itm/US-Mini-Portable-Fast-Heater-Heated-Heating-Electric-Hot-Air-Fan-Space-Desk-400W/193752419857?var=493978313252?,14.35, FREE ,"El Monte, California, United States"
10,Portable Electric Mini Heater 400W Space Fan Heater No Noise Office Room Desk US," The  portable personal heater uses highest standard material and heating  element, it brings you warmth and comforts wind high safety performance.  The heater has strong durability and features with a energy-saving,  safe and beautiful and compact. Specification: Material： ABS Rated Voltage: 110V Rated Power: 400W Switch Type : normal button Types of Heating Appliances: heater Heating Method: Electric Heating Wire Power Supply: Wall Plug-in Cable Length: 5 inch Rated Frequency : 50HZ Heating Element: PTO Speed Control Gear : 2 gears Heating Method : electric heating wire Air Supply Mode : Leafless turning, No head shaking Applicable Area: 11㎡(inclusive)-20㎡(inclusive) Maximum Heating Area: 20m^2 or less Features: - 3.0 Upgraded Version of the Leafless Heater : The small electric heater is mini but with high energy. - 2 Second Fast Heating : Using  high-quality thread heating wire for heating, not only has a long life,  but also can quickly form a constant temperature state within 1-2  seconds. High efficiency and energy saving. - Quiet Operation : Working volume is 50db, like people whispering. Compared to the traditional heater, ideal for work, reading or sleeping. - Tilt protection: Ventilation  holes are designed at the bottom, which is safe even if accidentally  dumped, providing safety protection. When the machine is tilted 45 to  60º, even if the heater is upside down, the bottom of the heater is  ventilated and it is safe to dump. - Overheating Protection: 1. Comprehensive safety protection design. Built-in temperature  detection sensor, when the temperature of the inner cavity is detected,  it will automatically cut off the power when it exceeds 70℃. 2. it  will automatically cut off the power for safe use, continue heating when  it drops to 40 degrees, and stop heating when the temperature near the  heating wire exceeds 80 degrees. - Keep Kids Safety: I ntelligent  heat dissipation, while ensuring the heating effect, the temperature of  the machine is controlled at about 50 degrees. Children's hands will  not be burned when they reach in, and they will not be hot. - Bedroom Heater: Our mini heater makes lower than 50 dB sound, silent enough for most people to use in a bedroom while sleeping. Great  for using in dorm, bedroom, living room, RV, hot yoga, etc - Wide Application Range : Mini portable heater is very suitable for indoor, home, and office use,  but not suitable for bathroom, laundry area or other high humidity  rooms. - Bring this warmth to everyone around you ,  save space without taking up space, let the desktop and the floor, just  put it on, the heating will come, and some practical gifts in winter  for family, girlfriend, and children Package： 1* 400W Mini Portable Electric Heater Warm Tips : 1. Avoid placing the heater in an overheated or humid place, away from textiles and water sources. 2.  Do not cover the air outlet when using the air heater. It is suggested  that the machine should be shut down in about 3 hours to avoid the aging  of machine accessories, so as to improve the use efficiency. 3. Please do not let the heater tip over or let children and old people use it alone to avoid accidents. 4. do not clean the heater at work, do not use spray cleaner. 5. There will be a little plastic smell at the beginning of use, which is a normal phenomenon.",https://www.ebay.com/itm/Portable-Electric-Mini-Heater-400W-Space-Fan-Heater-No-Noise-Office-Room-Desk-US/293656131135?,26.97/ea, FREE ,"Piscataway, New Jersey, United States"
11,For iPhone 12 Pro Max 11 XS Max XR 6 7 8 Epoxy Glitter Sparkle Bling Case Cover," For iPhone 12 Pro Max 11 XS XR 6 7 8 Glitter Bling  Mirror Diamond Case w/ Ring 9.99 USD Free shipping For iPhone 12 11 Pro Max XS XR 6 7 8 Glitter Marble Butterfly Diamond Case Cover 10.99 USD Free shipping For iPhone 12 11 Pro XS Max XR 7 8 6 Bling Diamond Rhinestone Ring Holder Case 10.99 USD Free shipping For iPhone 12 Pro Max 11 XS XR 6 7 8 Bling Glitter Diamond Flowers Case Cover 9.99 USD Free shipping Bling Diamond Rhinestone Ring Holder Case for iPhone 12 Pro Max 11 XS XR 6 7 8 10.85 USD Free shipping Bling Glitter Luxury Metal Square Case Cover For iPhone 12 11 Pro XS Max XR 7 8 9.99 USD Free shipping For iPhone 12 Pro Max 11 XS XR 7 8 Bling Sparkle Glitter Diamond Rhinestone Case 9.99 USD Free shipping For iPhone 12 11 Pro Max XS XR 7 8 Epoxy Glitter Sparkle Side Diamond Case Cover 9.95 USD Free shipping For iPhone 12 11 Pro Xs MAX XR 7 8 Epoxy Glitter Sparkle Side Diamond Case Cover 10.59 USD Free shipping Glitter Bling Luxury Snake Diamond Phone Case for iPhone 12 11 Pro Max XS XR 7 8 13.95 USD Free shipping For iPhone 12 11 Pro XS Max XR 7 8 6 Bling Diamond Rhinestone Mirror Holder Case 10.85 USD Free shipping For iPhone 11 12 Pro Max XS XR 8 Bling Sparkle Diamond Perfume Bottle Case Cover 14.38 USD Free shipping For iPhone 12 11 Pro Max XS XR 7 8 Luxury Marble Flower Metal Square Case Cover 10.99 USD Free shipping For iPhone 12 Pro Max 11 XS XR 8 7 Luxury Retro Square Marble Glitter Case Cover 9.99 USD Free shipping For iPhone 12 11 Pro Max XS XR 6 7 8 Bling Diamond Ring Crystal Chain Case Cover 10.95 USD Free shipping Luxury Bling Diamond Phone Case Cover for iPhone 12 Pro Max 11 Pro XS XR 8 7 6 9.99 USD Free shipping For iPhone 12 11 Pro Max XS XR 8 7 6 Bling Sparkle Diamond Gradient Case Cover 9.69 USD Free shipping For iPhone 12 11 Pro Max XS XR 6 7 8 Luxury Retro Marble Metal Square Case Cover 10.99 USD Free shipping Product Description Feature: 1.Design to fit your phone perfectly! 2.Bling style, make you and your phone look charming and fashionable! 3.High-quality TPU soft inner frame maximum protects your phone from drop and scratch protection. 4.Precise cut easy access to all ports, sensors, speakers, cameras and all features. 5.Fashionable, unique, striking, great for party or everyday use. Material: TPU, Diamond, Rhinestone Package Include: 1 * Phone Case 1 * Crystal Rope Please Note: Pictures are only for style display,deliverywill be according to your selected model and color, don't worry about the wrong hole position. Compatibility: Apple iPhone 6/6S, iPhone6/6S Plus, iPhone 7/8, iPhone 7/8 Plus, iPhone X/XS, iPhone XR, iPhone XS Max, iPhone 11, iPhone 11 Pro, iPhone 11 Pro Max, iPhone 12 Mini, iPhone 12/12 Pro, iPhone 12 Pro Max Payment Shipping Return Feedback Contact us 1. Pay secure with any major credit card through PayPal. 2. For International buyers, Import duties, tax and charges are not included in the item price or shipping charge. 1. Item will be shipped within 24 hours on payment received, except weekends and holidays. 2. We will ship from CA or NY (it depends on your address), it usually takes 1-6 business days. 1. We accept 30 days return. All return & exchange must be in NEW  & UN-USED condition. Please tell us the return tracking number in  time. When we receive return package, we will issue the refund to  you after checking. Shipping & Handling fee is not refundable. 2. Buyer pay for all return shipping postage fee. 3.  Any faulty due to improper installation or improper use will NOT be  covered by the warranty. Any physical damage such as soldering or  modified bases will void the warranty too. 1. Feedback will be left automatically after receiving buyer feedback. 2. Please contact us before leaving a Negative & Neutral feedback. We will try our best to help you solving any problem. Any question please feel free to contact us, we will get back to you within 24 hours. Payment 1. Pay secure with any major credit card through PayPal. 2. For International buyers, Import duties, tax and charges are not included in the item price or shipping charge. Shipping 1. Item will be shipped within 24 hours on payment received, except weekends and holidays. 2. We will ship from CA or NY (it depends on your address), it usually takes 1-6 business days. Return 1. We accept 30 days return. All return & exchange must be in NEW  & UN-USED condition. Please tell us the return tracking number in  time. When we receive return package, we will issue the refund to  you after checking. Shipping & Handling fee is not refundable. 2. Buyer pay for all return shipping postage fee. 3.  Any faulty due to improper installation or improper use will NOT be  covered by the warranty. Any physical damage such as soldering or  modified bases will void the warranty too. Feedback 1. Feedback will be left automatically after receiving buyer feedback. 2. Please contact us before leaving a Negative & Neutral feedback. We will try our best to help you solving any problem. Contact us Any question please feel free to contact us, we will get back to you within 24 hours. powered by For iPhone 12 11 Pro Max XS XR 7 8 6 Bling Glitter Crossbody Case Leather Wallet 12.58 USD Free shipping For iPhone 12 11 Pro XS Max XR 7 8 Bling Diamond  Rhinestone Wallet Leather Case 11.99 USD Free shipping For iPhone 12 Pro Max 11 XS XR 6 7 8 Glitter Bling Diamond Mirror w/ Ring Case 9.85 USD Free shipping For iPhone 12 Pro Max 11 XS XR 7 8 Glitter Diamond Butterfly Case w/ Ring&Strap 10.85 USD Free shipping For iPhone 12 Pro Max 11 XS XR 6 7 8 Glitter Diamond Mirror w/ Ring Holder Case 10.99 USD Free shipping For iPhone 12 Pro Max 11 XS XR 7 8 Glitter Sparkle Diamond Case Cover with Ring 9.99 USD Free shipping Bling Diamond Side Rhinestone Clear Case For iPhone 12 Pro Max 11 XS XR 6 7 8 9.99 USD Free shipping For iPhone 12 Pro Max XS XR 11 6 7 8 Glitter Bling Diamonds Case with Plush Ball 12.85 USD Free shipping For iPhone 12 11 Pro XS Max XR 7 8 Bling Glitter Diamond Mirror Laser Case Cover 9.59 USD Free shipping Bling Diamond Crystal Ring Holder Case for iPhone 12 Pro Max 11 Pro XS XR 6 7 8 10.85 USD Free shipping For iPhone 12 Pro Max 11 Pro XS XR 6 7 8 Luxury Bling Diamond Crystal Ring Case 10.85 USD Free shipping Bling Glitter Flowers Square Case w/ Ring For iPhone 12 11 Pro XS Max XR 6 7 8 10.99 USD Free shipping For iPhone 12 11 Pro Max XR 6 7 8 Bling Glitter Mirror Diamond Ring Holder Case 9.85 USD Free shipping For iPhone 12 11 Pro XS Max XR 7 8 6 Bling Diamond Rhinestone Mirror Holder Case 10.85 USD Free shipping For iPhone 12 Pro Max 11 XR 67 8 Women Fashion Flowers Leather Wallet Case Cover 12.58 USD Free shipping Bling Glitter Butterfly Diamond Plush Ball Case For iPhone 12 11 Pro X Max XR 78 10.98 USD Free shipping For iPhone 12 11 Pro Max XS XR 6 7 8 Bling Glitter Diamond Flowers Case Cover 9.85 USD Free shipping For iPhone 12 Pro Max 11 XS XR 8 7 Luxury Retro Square Marble Glitter Case Cover 9.99 USD Free shipping",https://www.ebay.com/itm/For-iPhone-12-Pro-Max-11-XS-Max-XR-6-7-8-Epoxy-Glitter-Sparkle-Bling-Case-Cover/124468393517?var=425341190997?,7.99, FREE ,"South El Monte, California, United States"
12,For iPhone 12 11 Pro Max XS XR 6 7 8 Glitter Marble Butterfly Diamond Case Cover," For iPhone 12 Pro Max 11 XS XR 6 7 8 Glitter Bling  Mirror Diamond Case w/ Ring 9.99 USD Free shipping For iPhone 12 11 Pro XS Max XR 7 8 6 Bling Diamond Rhinestone Ring Holder Case 10.99 USD Free shipping For iPhone 12 Pro Max 11 XS XR 6 7 8 Bling Glitter Diamond Flowers Case Cover 9.99 USD Free shipping Bling Diamond Rhinestone Ring Holder Case for iPhone 12 Pro Max 11 XS XR 6 7 8 10.85 USD Free shipping Bling Glitter Luxury Metal Square Case Cover For iPhone 12 11 Pro XS Max XR 7 8 9.99 USD Free shipping For iPhone 12 Pro Max 11 XS XR 7 8 Bling Sparkle Glitter Diamond Rhinestone Case 9.99 USD Free shipping For iPhone 12 11 Pro Max XS XR 7 8 Epoxy Glitter Sparkle Side Diamond Case Cover 9.95 USD Free shipping For iPhone 12 11 Pro Xs MAX XR 7 8 Epoxy Glitter Sparkle Side Diamond Case Cover 10.59 USD Free shipping Glitter Bling Luxury Snake Diamond Phone Case for iPhone 12 11 Pro Max XS XR 7 8 13.95 USD Free shipping For iPhone 12 11 Pro XS Max XR 7 8 6 Bling Diamond Rhinestone Mirror Holder Case 10.85 USD Free shipping For iPhone 11 12 Pro Max XS XR 8 Bling Sparkle Diamond Perfume Bottle Case Cover 14.38 USD Free shipping For iPhone 12 11 Pro Max XS XR 7 8 Luxury Marble Flower Metal Square Case Cover 10.99 USD Free shipping For iPhone 12 Pro Max 11 XS XR 8 7 Luxury Retro Square Marble Glitter Case Cover 9.99 USD Free shipping For iPhone 12 11 Pro Max XS XR 6 7 8 Bling Diamond Ring Crystal Chain Case Cover 10.95 USD Free shipping Luxury Bling Diamond Phone Case Cover for iPhone 12 Pro Max 11 Pro XS XR 8 7 6 9.99 USD Free shipping For iPhone 12 11 Pro Max XS XR 8 7 6 Bling Sparkle Diamond Gradient Case Cover 9.69 USD Free shipping For iPhone 12 11 Pro Max XS XR 6 7 8 Luxury Retro Marble Metal Square Case Cover 10.99 USD Free shipping For iPhone 12 11 Pro Max XS XR 6 7 8 Girls Women Bling Diamond w/Ring Case Cover 9.99 USD Free shipping Product Description Feature: 1.Design to fit your phone perfectly! 2.Bling Bling style, make you and your phone look charming and fashionable. 3.High-quality TPU inner frame maximum protects your phone from drop and scratch protection. 4.Precise cut easy access to all ports, sensors, speakers, cameras and all features. 5.Fashionable, unique, striking, great for party or everyday use. Package Include: 1 * Phone Case Please Note: Pictures  are only for style display,delivery will beaccording to the phone  model you choose,don't worry about the wrong hole position. Compatibility: Apple  iPhone 6/6S, iPhone6/6S Plus, iPhone 7/8, iPhone 7/8 Plus, iPhone X/XS,  iPhone XR, iPhone XS Max, iPhone 11, iPhone 11 Pro, iPhone 11 Pro Max, iPhone 12 Mini, iPhone 12/12 Pro, iPhone 12 Pro Max Payment Shipping Return Feedback Contact us 1. Pay secure with any major credit card through PayPal. 2. For International buyers, Import duties, tax and charges are not included in the item price or shipping charge. powered by For iPhone 12 11 Pro Max XS XR 7 8 6 Bling Glitter Crossbody Case Leather Wallet 12.58 USD Free shipping For iPhone 12 11 Pro XS Max XR 7 8 Bling Diamond  Rhinestone Wallet Leather Case 11.99 USD Free shipping For iPhone 12 Pro Max 11 XS XR 6 7 8 Glitter Bling Diamond Mirror w/ Ring Case 9.85 USD Free shipping For iPhone 12 Pro Max 11 XS XR 7 8 Glitter Diamond Butterfly Case w/ Ring&Strap 10.85 USD Free shipping For iPhone 12 Pro Max 11 XS XR 6 7 8 Glitter Diamond Mirror w/ Ring Holder Case 10.99 USD Free shipping For iPhone 12 Pro Max 11 XS XR 7 8 Glitter Sparkle Diamond Case Cover with Ring 9.99 USD Free shipping Bling Diamond Side Rhinestone Clear Case For iPhone 12 Pro Max 11 XS XR 6 7 8 9.99 USD Free shipping For iPhone 12 Pro Max XS XR 11 6 7 8 Glitter Bling Diamonds Case with Plush Ball 12.85 USD Free shipping For iPhone 12 11 Pro XS Max XR 7 8 Bling Glitter Diamond Mirror Laser Case Cover 9.59 USD Free shipping Bling Diamond Crystal Ring Holder Case for iPhone 12 Pro Max 11 Pro XS XR 6 7 8 10.85 USD Free shipping For iPhone 12 Pro Max 11 Pro XS XR 6 7 8 Luxury Bling Diamond Crystal Ring Case 10.85 USD Free shipping Bling Glitter Flowers Square Case w/ Ring For iPhone 12 11 Pro XS Max XR 6 7 8 10.99 USD Free shipping For iPhone 12 11 Pro Max XR 6 7 8 Bling Glitter Mirror Diamond Ring Holder Case 9.85 USD Free shipping For iPhone 12 11 Pro XS Max XR 7 8 6 Bling Diamond Rhinestone Mirror Holder Case 10.85 USD Free shipping For iPhone 12 Pro Max 11 XR 67 8 Women Fashion Flowers Leather Wallet Case Cover 12.58 USD Free shipping Bling Glitter Butterfly Diamond Plush Ball Case For iPhone 12 11 Pro X Max XR 78 10.98 USD Free shipping For iPhone 12 11 Pro Max XS XR 6 7 8 Bling Glitter Diamond Flowers Case Cover 9.85 USD Free shipping For iPhone 12 Pro Max 11 XS XR 8 7 Luxury Retro Square Marble Glitter Case Cover 9.99 USD Free shipping",https://www.ebay.com/itm/For-iPhone-12-11-Pro-Max-XS-XR-6-7-8-Glitter-Marble-Butterfly-Diamond-Case-Cover/124395678371?var=425268395692?,7.99, FREE ,"South El Monte, California, United States"
13,Led Qi Wireless Charger Fast Charge Pad For Samsung iPhone XS Max X XR 11 12 Pro," Specifications: Product standard: Qi standard Material: ABS+rubb Chargingpower:10W/7.5W/5W Input voltage/current: 5V-2A/9V-2A Charging distance: ≤8mm Product certification: CE/FCC/Rosh Gross weight: 150g Charging efficiency: ≥73% ​ ​ WARNING: 1.AC adapter not included, please confirm your devices is Qi standard. 2. Make sure get your device lined up correctly (Sweet Spot), Or "" Incompatible Device"" maybe show on your phone, Or you cannot charge your Phone consistently. Customers Attention : 1.If any questions or need, please feel free and contact us directly ,we will help to solve your problems within 24 hours . 2.Follow our store and be our FANS you will get more extra discount and enjoy the VIP service. 3.Thank you very much for your understanding and attention . Wish you will enjoy the shopping in our store. ​",https://www.ebay.com/itm/Led-Qi-Wireless-Charger-Fast-Charge-Pad-For-Samsung-iPhone-XS-Max-X-XR-11-12-Pro/313241072342?var=612086526999?,10.89/ea, FREE ,"Brooklyn, New York, United States"
14,LED Fast Charging USB Charger Cable For iPhone 12/11 + Pro/XS Max/XR/X/8/7 8 PIN," LED Fast Charging USB Charger Cable For iPhone 12/11 + Pro/XS Max/XR/X/8/7 8 PIN LED Flowing changing light USB Cable Mobile Phone Charging Cable Visibly flowing and bright LEDs , looks beautiful . The flowing light makes the electric current visible, which makes it a perfect decoration in the room, office or car. Length : 3 FT / 1M Compatibility : COMPATIBLE WITHANY 8 PIN(apple port) Extra Information: Bring back the original brand new look! This is a NEW part. This item is BRAND NEW! Save MONEY and your PHONE by using the best replacement part available. This Assembly ships with a protective foam wrap, along with a protective plastic to prevent any scratches. This item is very carefully packaged Payment Information: We Accept PayPal We Accept Credit Card via PayPal Shipping Information: We provide Same Day FREE SHIPPING domestically within the U.S.A USPS First Class (3-5 business days) & USPS First-Class International (14 days with tracking) (We do ship to APO/FPO) We reserve the right to charge additional shipping fee for reship items due to wrong shipping address provided during checkout. All orders before 5PM EST will ship out same day!, Monday - Friday Ships Same Day Today! Refund & Return Policy: We offer a 30 day return policy on all items purchased from us. Please contact us within 30 days after receipt of the item for a return. Do not ship the item back to us without contacting us first. Return shipping is responsibility of buyer. - We thank you so much for looking! If you have any questions or concerns, please do not hesitate to message us. Have a great day!",https://www.ebay.com/itm/LED-Fast-Charging-USB-Charger-Cable-For-iPhone-12-11-Pro-XS-Max-XR-X-8-7-8-PIN/202826530691?var=502995960058?,5.89/ea, FREE ,"North Hollywood, California, United States"
15,For iPhone 12 11 Pro Max XR XS 7 8 + Slim TPU Leather Square Metal Corner Cover," Slim TPU Leather Square Metal Corner Cover For iPhone 12/12 Pro  6.1inch, For iPhone 12 Pro Max 6.7inch, For  iPhone 12 mini 5.4inch, For  iPhone 11 Pro Max, For iPhone 11 Pro, For  iPhone 11, For iPhone XS  Max, For iPhone XR, For iPhone X/XS, For iPhone  7/8 Plus, For iPhone  7/8 The soft TPU material can perfectly fit. Makes your phone look more fashionable and cute. The protective case is easy to install and remove, and supports wireless charging. Protects your device from bumps, scratches & fingerprint. Fit for iPhone. Please Note: For our handmade products please allow 1/2-1 inch deviation from sizes in the size chart if this product has one. Due to the difference between different monitors, the picture may not reflect the actual color of the item. We guarantee the style is the same as shown in the pictures. Please note the all items in your orders will be shipped within 1-2 business days after we receive payment. You will receive a tracking number for your package through our shipping partner. And the shipping usually takes 2-8 business days to arrive depending on your location. We ship from Los Angeles, CA. If we do not receive payment, an Unpaid Item Dispute case will AUTOMATICALLY be opened. Returns & Exchanges: Exchanges or refunds will be allowed within 30 days after you receive the package. Please contact us as soon as possible when you want to exchange or return the item. Please note the item must be new and never used. We will not honor any returns for items that is already used. We will be glad to resolve any issue. Contact Us if you have any questions, we will try our best to answer it within 24 hours.",https://www.ebay.com/itm/For-iPhone-12-11-Pro-Max-XR-XS-7-8-Slim-TPU-Leather-Square-Metal-Corner-Cover/402530203171?var=672850677940?,10.99/ea, FREE ,"El Monte, California, United States"
16,For iPhone 12 11 Pro Max XS XR 78+ Slim PU Leather Card Slot Holder Wallet Case," Slim PU Leather Card Slot Holder Wallet Back Case Made from premium PU leather cover case. Back card pocket to conveniently store ID, credit cards. Easy access to all buttons,camera,speaker and connector. Protects your phone from dust, dirt, scratches & damages. Fit for iPhone 5/5S/SE, For iPhone 12 Mini 5.4inch, For iPhone  12/12 Pro 6.1inch, For iPhone 12 Pro Max 6.7inch, For iPhone 11 Pro Max,  For Apple iPhone 11 Pro, For iPhone 11 Pro, For iPhone 11, For iPhone  XS Max, For iPhone XR, For iPhone X/XS, For iPhone 7/8 Plus, For iPhone  7/8 Description Shipping Returns & Exchanges Made from premium PU leather cover case. Back card pockets to conveniently store ID, credit cards & cash. Easy access to all buttons,camera,speaker and connector. Protects your phone from dust, dirt, scratches & damages. Fit for iPhone 5/5S/SE, For iPhone 12 Mini 5.4inch, For iPhone  12/12 Pro 6.1inch, For iPhone 12 Pro Max 6.7inch, For iPhone 11 Pro Max,  For Apple iPhone 11 Pro, For iPhone 11 Pro, For iPhone 11, For iPhone  XS Max, For iPhone XR, For iPhone X/XS, For iPhone 7/8 Plus, For iPhone  7/8 Packages are sent out from our Los Angeles warehouse in California. All packages will be shipped within 1-2 business days using USPS/DHL depending on your location. Please allow 2-8 business days for you to receive your package. Returns or exchanges will be accepted 30 days after receiving your order. If you have any questions please contact us and we will try to answer all questions immediately. Free shipping Customer Support 30 Day Guarantee",https://www.ebay.com/itm/For-iPhone-12-11-Pro-Max-XS-XR-78-Slim-PU-Leather-Card-Slot-Holder-Wallet-Case/193743115720?var=493968694360?,7.99/ea, FREE ,"La Puente, California, United States"
17,Glitter Sparkle Bling Cute Case For iPhone 12 Pro Max mini 11 XR XS MAX 7 8 Plus," 无标题文档 Description Compatible with: Apple iPhone 12mini,12/12pro, 12 pro max, 11/11 Pro/11 Pro Max, XS MAX/XR, 7/7 Plus, 8/8 Plus Features: 100%brandnew.Fashione Design with bling glitter pieces Thisstylishphonecasehasbeenspeciallydesignedtoholdyourphone. HighQuality. Accurateholeposition,goodhandle. Easyinstallationrequirenotools. Protectyourphonefrombumpsandotherdailydamage. Package included: 1 x Bling case for Apple iPhone Information about Payment We accept PayPal only. After you have won the auction, an email will be sent to your  registered email address by . If you are paying through PayPal using eCheck, your item can be shipped only after eCheck has cleared ( it may take 5-10 working days to be cleared). All payments are expected within 7 days after the last winning auction is closed. A non-payment dispute will be opened if full payment is not received . Shipping Please  make sure your shipping address is correct when you make order(s). We don't accept address change after order. We will not be responsible for any lost if the shipping address is wrong or incompleted. We ship from U.S Warehouse for U.S buyer (3-7 working days to arrive) Our shipping rates include the cost of shipping, handling, packaging and related manpower costs. Items  are generally shipped out with 1 business day after your payment has been cleared (Sat. & Sun. & Public holiday excluded.). Local pick up is not available. About us We are professional worldwide wholesale company.We supply many products including Consumer Electronics, Cellphone Accessories,iPhone & iPad Accessories and so on! Contact us Your positive feedback with comments are extremely valuable to us. If you have any concerns about your order, please contact us through  Message to resolve any issues before leaving a negative feedback or opening a dispute. We will reply within 1 business days (public holidays not included). Please always contact or check our response in ""  messages "" in your your  account. Gurantee & Returns We offer a 100% satisfaction guarantee. In case you won't be 100% satisfied with your purchase, simply send us an  Message within 3 days of receiving the item and tell us the issue. Please contact us (via  message) before return, a return form and the return address will be given after your return request has been issued. Any return without authorization will not be accepted You may return the item for refund or exchange within 30 days upon receiving shipment. All return items must be in original package and not be used. Our customer service personnel will inspect the returned item before refund or exchange. Customers will be responsible for the return postage if it is not our fault. We don’t accept any return of physical damaged item by yourself. After 14 days, we can only make replacement or repair and customers need to be responsible for the return postage.",https://www.ebay.com/itm/Glitter-Sparkle-Bling-Cute-Case-For-iPhone-12-Pro-Max-mini-11-XR-XS-MAX-7-8-Plus/124415144657?var=425283944789?,6.98/ea, FREE ,"Rowland Heights, California, United States"
18,For iPhone 12 11 Pro MAX XR 7 8 Plus Case Glitter Shockproof Bumper Hybrid Cover," 无标题文档 Item Description Features: Protects phone from damage and scratches Fits perfectly to while providing easy access to functions 5 Beautiful Types to choose from Easy installation and disassembly Package Includes 1X iPhone Case Information about Payment We accept PayPal only. After you have won the auction, an email will be sent to your  registered email address by . If you are paying through PayPal using eCheck, your item can be shipped only after eCheck has cleared ( it may take 5-10 working days to be cleared). All payments are expected within 7 days after the last winning auction is closed. A non-payment dispute will be opened if full payment is not received. Shipping Please make sure your shipping address is correct when you make order(s). We don't accept address change after order. We will not be responsible for any lost if the shipping address is wrong or incompleted. We ship from U.S Warehouse for U.S buyer (3-7 working days to arrive) Our shipping rates include the cost of shipping, handling, packaging and related manpower costs. Items are generally shipped out with 1 business day after your payment has been cleared (Sat. & Sun. & Public holiday excluded.). Local pick up is not available. About Us We are professional worldwide wholesale company.We supply many products including Consumer Electronics, Cellphone Accessories,iPhone & iPad Accessories and so on! Contact Us Your positive feedback with comments are extremely valuable to us. If you have any concerns about your order, please contact us through  Message to resolve any issues before leaving a negative feedback or opening a dispute. We will reply within 1 business days (public holidays not included). Please always contact or check our response in ""  messages "" in your your  account. Return Policy We offer a 100% satisfaction guarantee. In case you won't be 100% satisfied with your purchase, simply send us an  Message within 3 days of receiving the item and tell us the issue. Please contact us (via  message) before return, a return form and the return address will be given after your return request has been issued. Any return without authorization will not be accepted You may return the item for refund or exchange within 30 days upon receiving shipment. All return items must be in original package and not be used. Our customer service personnel will inspect the returned item before refund or exchange. You will be responsible for the return postage. We don’t accept any return of physical damaged item by yourself. After 14 days, we can only make replacement or repair and customers need to be responsible for the return postage.",https://www.ebay.com/itm/For-iPhone-12-11-Pro-MAX-XR-7-8-Plus-Case-Glitter-Shockproof-Bumper-Hybrid-Cover/353177015063?var=622377436930?,6.89/ea, FREE ,"Rowland Heights, California, United States"
19,K3 Wall Mount Automatic Infrared Thermometer Digital Non Contact Forehead Stand," Features: 1. Infrared thermometer, non-contacting, digital display, no need to hold hands to avoid cross infection. 2. Digital measuring_thermometer detection fever alarm.There is a warning when the detection fails or abnormal temperature.Abnormal automatic alarm, flash + beep. 3. High-definition display, 5 meters viewing distance.Non-working time 5s standby, red dot dynamic cycle, standby time about one week. 5cm-10cm (automatic measurement) 4. Wall-mounted infrared thermometer can be applied in different occasions, such as office, subway, shopping mall, community, etc public area thermometer . Specification: Material:PP Color:White NOTE: Can install three 1.5V AAA batteries (delivery without batteries) Package includes: 1*Infrared thermometer",https://www.ebay.com/itm/K3-Wall-Mount-Automatic-Infrared-Thermometer-Digital-Non-Contact-Forehead-Stand/303792014640?,21.93/ea, FREE ,"Vashon, Washington, United States"
20,K3 Wall-Mount Digital Infrared Thermometer Automatic No-Contact Forehead Fast x," Features: 1. Infrared thermometer, non-contacting, digital display, no need to hold hands to avoid cross infection. 2. Digital measuring_thermometer detection fever alarm.There is a warning when the detection fails or abnormal temperature.Abnormal automatic alarm, flash + beep. 3. High-definition display, 5 meters viewing distance.Non-working time 5s standby, red dot dynamic cycle, standby time about one week. 5cm-10cm (automatic measurement) 4. Wall-mounted infrared thermometer can be applied in different occasions, such as office, subway, shopping mall, community, etc public area thermometer . Specification: Material:PP Color:White Battery: can hold three 1.5V AAA batteries (not included) Package includes: 1*Infrared thermometer",https://www.ebay.com/itm/K3-Wall-Mount-Digital-Infrared-Thermometer-Automatic-No-Contact-Forehead-Fast-x/224275576137?,22.99/ea, FREE ,"Denver, Colorado, United States"
21,Fast Wall Mount Digital Infrared Thermometer Automatic Non Contact Forehead USA," Features: 1. Noncontact to avoid cross infection. 2. High-definition display, 5 meters viewing distance. 3. High temperature measurement accuracy, accuracy tolerance: ±0.2 (32~43℃). 4. With warning light for detection failure and warning light for abnormal temperature. 5. Can be applied in different occasions. Office/ Subway/ Family/ Superstore/ Shop/ Community/ Entrance etc. 6. Using a new chip, the induction time is faster (0.1 s); the pass rate per minute is greatly improved (50 people/min). Specifications: Standby: 5s Distance: 1 ~ 10cm Display: digital display Response time: 500 ms Working wave: 5 microns Dimensions: 150*120*32 mm Ambient temperature: 5 ~ 45℃ Measuring temperature: 0 ~ 80℃ Accuracy tolerance: ±0.2 (32~43℃) Theory: F and C degrees (Fehrenheit and Certigrade) Power supply: USB/TYPE-C/3* AA (not included) Placement method: hanging / double-sided adhesive tape / bracket fixing Measurement method: infrared thermometer without contacting on the forehead Automatic alarm for abnormal temperature: red light flashes with continuous alarm sound Package Includes: 1 X Thermometer 1 X USB Cable 1 X User Manual",https://www.ebay.com/itm/Fast-Wall-Mount-Digital-Infrared-Thermometer-Automatic-Non-Contact-Forehead-USA/143893989769?,19.99/ea, FREE ,"Sterling Heights, Michigan, United States"
22,US Wall-Mount Digital Automatic Non-contact Thermometer With 6 Languages," US Wall-Mount Digital Automatic Non-contact Thermometer With 6 Languages Feature: - It can switch between Fahrenheit and Celsius measurement with one click, which is very convenient. - Can be applied in different occasions. Office/ Subway/ Family/ Superstore/ Shop/ Community/ Entrance etc. - Noncontact infrared technology reads from forehead, prevents cross-infection between multiple people, fast and accurate temperature measurement. Specifications: Maximum error: ±0.2°C Response time: 0.5 second Measuring distance: 1-10cm Measuring range: -10~50°C Display unit: Celsius (°C) and Fahrenheit (°F) Package included: 1 x Thermometer",https://www.ebay.com/itm/US-Wall-Mount-Digital-Automatic-Non-contact-Thermometer-With-6-Languages/293815118232?,19.99/ea, FREE ,
23,Wall Mount Digital Infrared Thermometer Automatic Non Contact Forehead Scan K-3S," Medical Infrared Non-Contact Digital Forehead IR Thermometer Features: - It can switch between Fahrenheit and Celsius measurement with one click, which is very convenient. - Can be applied in different occasions. Office/ Subway/ Family/ Superstore/ Shop/ Community/ Entrance etc. - Noncontact infrared technology reads from forehead, prevents cross-infection between multiple people, fast and accurate temperature measurement. Specifications: Maximum error: ±0.2°C Response time: 0.5 second Measuring distance: 1-10cm Measuring range: -10~50°C Display unit: Celsius (°C) and Fahrenheit (°F) Power By: USB power supply and 3* AA battery power supply (Package Not include battery ). Package included: 1 x Thermometer ( Not include battery ) Notes: 1. Manual measuring, please allow 1 ~ 3mm error,thank you. 2. Due to the difference between different monitors, the picture may not reflect the actual color of the item. We guarantee the style is the same as shown in the picture.",https://www.ebay.com/itm/Wall-Mount-Digital-Infrared-Thermometer-Automatic-Non-Contact-Forehead-Scan-K-3S/393018996852?,24.93/ea, FREE ,"Altoona, Pennsylvania, United States"
24,Fast Wall Mount Digital Infrared Thermometer Automatic Non Contact Forehead US," Does not include batteries! You can use a USB connection, or put in a battery. Features: - Noncontact to avoid cross infection. - High-definition display, 5 meters viewing distance. - High temperature measurement accuracy, accuracy tolerance: ±0.2 (34~45℃). - With warning light for detection failure and warning light for abnormal temperature. - Can be applied in different occasions. Office/ Subway/ Family/ Superstore/ Shop/ Community/ Entrance etc. - Using a new chip, the induction time is faster (0.1 s); the pass rate per minute is greatly improved (50 people/min). Specifications: Standby: 5s Distance: 5 ~ 10cm Display: digital display Response time: 500 ms Working wave: 5 microns Dimensions: 170*115*140 mm Ambient temperature: 5 ~ 45℃ Measuring temperature: 0 ~ 80℃ Accuracy tolerance: ±0.2 (34~45℃) Theory: F and C degrees (Fehrenheit and Certigrade) Power supply: USB/1* 18650 lithium battery (not included) Placement method: hanging / double-sided adhesive tape / bracket fixing Measurement method: infrared thermometer without contacting on the forehead Automatic alarm for abnormal temperature: red light flashes with continuous alarm sound Package Included: 1 X Thermometer 1 X USB Cable 1 X User Manual Notes: 1. Manual measuring, please allow 1 ~ 3mm error, thank you. 2. Due to the difference between different monitors, the picture may not reflect the actual color of the item. We guarantee the style is the same as shown in the picture.",https://www.ebay.com/itm/Fast-Wall-Mount-Digital-Infrared-Thermometer-Automatic-Non-Contact-Forehead-US/303730164753?,33.99/ea, FREE ,"Los Angeles, California, United States"
25,Fast Wall Mount Digital Infrared Thermometer Automatic Non Contact Forehead US," Does not include batteries! You can use a USB connection, or put in a battery. Features: - Noncontact to avoid cross infection. - High-definition display, 5 meters viewing distance. - High temperature measurement accuracy, accuracy tolerance: ±0.2 (34~45℃). - With warning light for detection failure and warning light for abnormal temperature. - Can be applied in different occasions. Office/ Subway/ Family/ Superstore/ Shop/ Community/ Entrance etc. - Using a new chip, the induction time is faster (0.1 s); the pass rate per minute is greatly improved (50 people/min). Specifications: Standby: 5s Distance: 5 ~ 10cm Display: digital display Response time: 500 ms Working wave: 5 microns Dimensions: 170*115*140 mm Ambient temperature: 5 ~ 45℃ Measuring temperature: 0 ~ 80℃ Accuracy tolerance: ±0.2 (34~45℃) Theory: F and C degrees (Fehrenheit and Certigrade) Power supply: USB/1* 18650 lithium battery (not included) Placement method: hanging / double-sided adhesive tape / bracket fixing Measurement method: infrared thermometer without contacting on the forehead Automatic alarm for abnormal temperature: red light flashes with continuous alarm sound Package Included: 1 X Thermometer 1 X USB Cable 1 X User Manual Notes: 1. Manual measuring, please allow 1 ~ 3mm error, thank you. 2. Due to the difference between different monitors, the picture may not reflect the actual color of the item. We guarantee the style is the same as shown in the picture.",https://www.ebay.com/itm/Fast-Wall-Mount-Digital-Infrared-Thermometer-Automatic-Non-Contact-Forehead-US/274612668542?,30.29/ea, FREE ,"Deer Park, New York, United States"
26,Car Vehicle Winter Snow Shovel Ice Scraper Snow Broom Removal Tool Shovel Brush," Store category Sign Up Now ! You may also like Car Vehicle Winter Snow Shovel Ice Scraper Snow Broom Removal Tool Shovel Brush Product Description Features: This snow shovel is made of ABS material and works fine. The design of the entire snow shovel conforms to the mechanics principle, which is convenient and labor-saving. Can be use to shoveling snow, deicing, wiping water and defrost. Portable size, easy to carry and storage. Suitable for all types of vehicles. Soft and not hurting the car, not easy to deform. Specification: Material: ABS Color: black & blue Size: 14cm x 25cm Weight: 220g Package includes: 1 x Car Snow Shovel Payment Delivery details Terms of sales About us Contact us Payment We accept PayPal only. Please fill in a valid contact address. Delivery details →We are not responsible for undeliverable address. We reserve the right to charge the shipping fee again for returned items due to wrong address supplied by buyer. Any non-received items caused by invalid address registered on PayPal are not in our full refund or replacement policy. →Items are generally shipped out with 2 business day after your payment has been cleared (Sat. & Sun. & Public holiday excluded.) →Our orders are shipped via epacket delivery  with Tracking Number,andfrom the United States will all be shipped out via USPS.If your order has not arrived within 20 business days, or if there is an issue with tracking, please do not hesitate to contact us. Terms of sales We offer hassle-free returns and exchanges on all our products. We do not have a restocking fee! We feel that restocking fees discourage potential buyers and are not fair to customers who genuinely do not like or want the product. If you are not completely satisfied with your purchase, please contact us directly and we will do everything in our power to resolve any issue. Our warranty does not extended to any products that are physically damaged or that are not under normal operating conditions as a result of misuse or improper installation on the buyer/user's part. For all returned products, buyers MUST contact us for the returning address. About us → We will issue refund or resend it if the item is not arrived within 35 days(or 28 business days) after receiveing the payment. Please contact us by  message if you can't receive it on time. → If you received an incorrect, damaged, defective, or item not as described, please contact us for a partial/full refund or replacement on our cost, we will be pleased if you can offer a photo to us through  message. → Please contact us within 7 days after you received . Contact us Your feedback is very important to us, please leave us a positive feedback with all 5-star for the Detailed Selling Rating when you received the item. If there is some problem about the product, please take communication with us before leaving neutral/negative feedback or opening /paypal case, we will do our best to resolve your problem. We try our best to reply to your emails as soon as possible, however, due to high volume of daily incoming emails and time zone difference; we may not be able to reply your emails immediately. Please allow 24 business hours for us to response.",https://www.ebay.com/itm/Car-Vehicle-Winter-Snow-Shovel-Ice-Scraper-Snow-Broom-Removal-Tool-Shovel-Brush/184496171246?,10.99, FREE ,"Hebron, Kentucky, United States"
27,Dog Cat Coats Jacket Pet Supplies Clothes Winter Apparel Clothing Puppy Costume," Product Description #1 : Specification: Material:Waterproof Polyester Cloth+Cotton Gender: Unisex Type: Waterproof & Cold-proof Coat/Jacket Size:S,M,L,XL,2XL,3XL,4XL,5XL,6XL,7XL ( pls refer to the size chart ) To fit: Outdoor SIZE CHART FOR REFERENCE (Size Unit: cm/inches) Size---Back Length---Neck Surrounding---Chest---Reference Weight of your dogs S 27 / 10.63 28 / 11.02 38 / 14.96 ≤2.5kg/5.51lb M 31 / 12.20 36 / 14.17 44 / 17.32 ≤3.5kg/7.72lb L 35 / 13.78 40 / 15.75 50 / 19.69 ≤5kg/11.02lb XL 39 / 15.35 43 / 16.93 52 / 20.47 ≤6.5kg/14.33lb 2XL 45 / 17.72 45 / 17.72 56 / 22.05 7~9kg/15.43~19.84lb 3XL 50 / 19.69 47 / 18.50 63 / 24.35 9.5~12.5kg/20.94~27.56lb 4XL 54 / 21.26 50 / 19.69 72 / 28.35 12.5~20kg/27.56~44.09lb 5XL 59 / 23.23 54 / 21.26 82 / 32.28 20~30kg/44.09~66.14lb 6XL 63 / 24.80 55 / 21.65 86 / 33.86 30~40kg/66.14~88.18lb 7XL 38 / 26.77 63 / 24.80 92 / 36.22 40~50kg/88.18~110.23lb #2 : Specifications: Material: Waterproof Nylon+Polyester  (Prevent Water from Daily Splash) Type: Dog Harness Winter Vest Coat Optional Color: Red+Black, Orange+Green, Orange+Blue, Purple+Rose Red Optional Size: XS, S, M, L, XL (Please refer to the size chart) Suit for: Most sizes of the small, medium dogs. Package Included: 1 x Pet Cloth   or purple One Car Safety Seat Belt ( it depends on your choice . Thanks. ) Payment Shipping Returns Contact Us PayPal is easy and safe, and we accept PayPal payment. Please do not hesitate to contact us if you have any questions of payment procedures. Sales Tax: California residents, please add 8.75% for sales tax. Ship To Services Shipping time Insurance Tracking Number USA Standard Fast Shipping 2-5 Not include With CANADA USPS First Class Mail \International 7-14 Not include With Items dispatched to buyer's PayPal confirmed address from Monday to Saturday ( Sunday & Holiday excluded ) after payment has been received. Please check your shipping address carefully before checkout. If you want to change the address, pls kindly contact us through  message within three hours after payment. Otherwise, any change information may be disregarded once dispatched. Postage includes packaging material, shipping label, handling fee and so on. Do not provide local pick up service. Customers must contact us within 7 days to make a refund for all non-used products and buyers should return package with paid shipping label to our warehouse within 30 days since the delivery date.Issurance fee, shipping and handling charges are non-refundable. All NON-Seller's Mistake(E.g buyer change idea,dislike item or buy wrong item)returns for refund or replacement must contact seller ,then all the problem will be processed.On this case,the buyer are responsible for shipping and handling charge as well as return fee. Any quality problem happened within warranty time, buyer has an obligation to cooperate with seller to verify the item's problem,If need replacement or refund,buyer are responsible for all kind of return shipment. Warranty service is limited to normal usage, any other artificial damage (such as disassembling by user, connecting with non-compatible accessories, not use according to the instruction and any other accident damage.Any maintainance and refit without seller's confirmation and upgrade, crack and the natural scratches on the plastic surface and accessories etc) as well as warranty stick damaged are out of warranty. Pls make sure the item is intact and quantity is complete before signing the package or the item will be returned at once. Seller will not responsible for any problems such as breakage and deficiency after buyer signed. Pls make a note in a paper with your  UserID,purchased date and details of the issue you are experiencing. Customer Service is available from Sunday to Friday( Saturday & Holiday excluded ). Pls kindly contact us by Ebay message and all replies will be answered soon. Please keep in mind it is not possible that we would ignore your emails and not respond designedly. Payment PayPal is easy and safe, and we accept PayPal payment. Please do not hesitate to contact us if you have any questions of payment procedures. Sales Tax: California residents, please add 8.75% for sales tax. Shipping Ship To Services Shipping time Insurance Tracking Number USA Standard Fast Shipping 2-5 Not include With CANADA USPS First Class Mail \International 7-14 Not include With Items dispatched to buyer's PayPal confirmed address from Monday to Saturday ( Sunday & Holiday excluded ) after payment has been received. Please check your shipping address carefully before checkout. If you want to change the address, pls kindly contact us through  message within three hours after payment. Otherwise, any change information may be disregarded once dispatched. Postage includes packaging material, shipping label, handling fee and so on. Do not provide local pick up service. Returns Customers must contact us within 7 days to make a refund for all non-used products and buyers should return package with paid shipping label to our warehouse within 30 days since the delivery date.Issurance fee, shipping and handling charges are non-refundable. All NON-Seller's Mistake(E.g buyer change idea,dislike item or buy wrong item)returns for refund or replacement must contact seller ,then all the problem will be processed.On this case,the buyer are responsible for shipping and handling charge as well as return fee. Any quality problem happened within warranty time, buyer has an obligation to cooperate with seller to verify the item's problem,If need replacement or refund,buyer are responsible for all kind of return shipment. Warranty service is limited to normal usage, any other artificial damage (such as disassembling by user, connecting with non-compatible accessories, not use according to the instruction and any other accident damage.Any maintainance and refit without seller's confirmation and upgrade, crack and the natural scratches on the plastic surface and accessories etc) as well as warranty stick damaged are out of warranty. Pls make sure the item is intact and quantity is complete before signing the package or the item will be returned at once. Seller will not responsible for any problems such as breakage and deficiency after buyer signed. Pls make a note in a paper with your  UserID,purchased date and details of the issue you are experiencing. Contact Us Customer Service is available from Sunday to Friday( Saturday & Holiday excluded ). Pls kindly contact us by Ebay message and all replies will be answered soon. Please keep in mind it is not possible that we would ignore your emails and not respond designedly. powered by Powered by SoldEazy",https://www.ebay.com/itm/Dog-Cat-Coats-Jacket-Pet-Supplies-Clothes-Winter-Apparel-Clothing-Puppy-Costume/163916977909?var=463540274193?,4.55/ea, FREE ,"Baldwin Park, California, United States"
28,Magical Car Windshield Ice Snow Remover Scraper Tool Cone Shaped Round Funnel," Store category Sign Up Now ! You may also like Magical Car Windshield Ice Snow Remover Scraper Tool Cone Shaped Round Funnel Product Description Features: Normal ice scrapers and snow removers just don't remove enough snow with each scrape, and you have to either push or pull in order to remove the debris from your car. The Scrape-a-round is a ingeniously designed ice scraper and snow remover that's cone shaped, so you can simply move it in any direction or in circles to remove more snow from your car at a time. One side of the cone ice scraper is extra wide to cover more area for scraping and snow removal from your car, whereas the other side of the cone is meant to be an ice-breaker. The end of it has mini spikes that protrude from it, so if there'a large build-up of ice on your car windows, you can tap the end of it on the ice, and it'll easily break away. The circular scrape-a-round ice scraper is said to to clear ice and snow from your cars windows twice as fast as traditional scrapes using its large 18 inch scraping surface. Plus, its unique cone shape makes it extra comfortable to grasp and use. The scrape-a-round can remove even the most frozen frost from your cars windows with ease, will not scratch the glass on your car while using it, colors will vary with each purchase, and is made from plastic. Size:Diameter: 14.5cm material: plastic Package includes: 1 x Cone-Shaped Windshield Ice Scraper Payment Delivery details Terms of sales About us Contact us Payment We accept PayPal only. Payment must be received within 3 Days from the date of purchase. Orders will be processed instantly and dispatched in same day normally, so we do NOT accept any Email/Message note before or after you place orders. Delivery details We only ship to paypal confirmed address. Item will be sent within 24 hours after payment received We will ship all orders asap from CA via USPS .( No service on Weekend and public  holidays). Delivery time within the U.S. is usually just 3 to 5 business days, however in rare cases it could take  5 to 7 business days. No combined shipping discount offered and no pick-up service. Terms of sales We fully guarantee customers an exchange or refund within 14 business days of receipt if item DOA(damage on arrival). Warranty excludes normal product lifetime wear-out, wear and tear or abuse. Warranty does not apply to conditions resulting from misuse, abuse, negligence, accident, improper application, improper installation or alteration. For malfunction products under warranty period, please contact our customer service via EBay Message. About us We always try to provide the most cost efficient products for customers, the most smooth payment and after-services, your feedback will help us make progress in many aspects. Contact us If you have any questions you may reach us via  message. Get In Touch Feedback",https://www.ebay.com/itm/Magical-Car-Windshield-Ice-Snow-Remover-Scraper-Tool-Cone-Shaped-Round-Funnel/254744794536?var=554536869261?,4.69, FREE ,"Temple City, California, United States"
29,Magical Car Windshield Ice Snow Remover Scraper Tool Cone Shaped Round Funnel," Store category Sign Up Now ! You may also like Magical Car Windshield Ice Snow Remover Scraper Tool Cone Shaped Round Funnel Product Description Features: Normal ice scrapers and snow removers just don't remove enough snow with each scrape, and you have to either push or pull in order to remove the debris from your car. The Scrape-a-round is a ingeniously designed ice scraper and snow remover that's cone shaped, so you can simply move it in any direction or in circles to remove more snow from your car at a time. One side of the cone ice scraper is extra wide to cover more area for scraping and snow removal from your car, whereas the other side of the cone is meant to be an ice-breaker. The end of it has mini spikes that protrude from it, so if there'a large build-up of ice on your car windows, you can tap the end of it on the ice, and it'll easily break away. The circular scrape-a-round ice scraper is said to to clear ice and snow from your cars windows twice as fast as traditional scrapes using its large 18 inch scraping surface. Plus, its unique cone shape makes it extra comfortable to grasp and use. The scrape-a-round can remove even the most frozen frost from your cars windows with ease, will not scratch the glass on your car while using it, colors will vary with each purchase, and is made from plastic. Size:Diameter: 14.5cm material: plastic Package includes: 1 x Cone-Shaped Windshield Ice Scraper Payment Delivery details Terms of sales About us Contact us Payment We accept PayPal only. Payment must be received within 3 Days from the date of purchase. Orders will be processed instantly and dispatched in same day normally, so we do NOT accept any Email/Message note before or after you place orders. Delivery details We only ship to paypal confirmed address. Item will be sent within 24 hours after payment received We will ship all orders asap from CA via USPS .( No service on Weekend and public  holidays). Delivery time within the U.S. is usually just 3 to 5 business days, however in rare cases it could take  5 to 7 business days. No combined shipping discount offered and no pick-up service. Terms of sales We fully guarantee customers an exchange or refund within 14 business days of receipt if item DOA(damage on arrival). Warranty excludes normal product lifetime wear-out, wear and tear or abuse. Warranty does not apply to conditions resulting from misuse, abuse, negligence, accident, improper application, improper installation or alteration. For malfunction products under warranty period, please contact our customer service via EBay Message. About us We always try to provide the most cost efficient products for customers, the most smooth payment and after-services, your feedback will help us make progress in many aspects. Contact us If you have any questions you may reach us via  message. Get In Touch Feedback",https://www.ebay.com/itm/Magical-Car-Windshield-Ice-Snow-Remover-Scraper-Tool-Cone-Shaped-Round-Funnel/254744794536?var=554536869259?,4.69, FREE ,"Temple City, California, United States"
30,Costway Utility Ice Shovel Snow Shovel Spring Loaded Ice Chopper Ice Cut," Color: Black + Blue Material: PP + 45# Carbon Steel + Iron Product Size: 6.5’’(L) x 1.5’’(W) x 47.5’’(H) Net Weight: 3.5lbs Package includes: 1 x Ice Shovel SHOP NOW ▌ PRODUCT DETAILS: Description: Are you still worried about being trapped in ice and snow in winter? You need an ice shovel to remove these obstacles and facilitate your travel. Our ice shovel is made of high quality and durable materials, which can quickly scrape, cut and penetrate hard ice. Ergonomically designed handles are internally equipped with shock absorbing springs to relieve the impact of ice shoveling, making it easier to use and improving ice shoveling efficiency. It is designed to be easily disassembled into three pieces for storage and carrying. In addition, this multifunctional shovel is suitable for various places. Come on, our ice shovel will be your perfect choice! Features: Made of high quality materials for quickly scrape, cut hard ice layer Light weight design makes it easier to use and saves effort Shock absorbing spring relieves the impact brought by ice shoveling Ergonomic handle makes it more comfortable to use Multifunctional shovel is suitable for various places Slender design makes it easy to store anywhere Easily disassemble into three pieces for easy storage and portability Specifications: Color: Black + Blue Material: PP + 45# Carbon Steel + Iron Product Size: 6.5’’(L) x 1.5’’(W) x 47.5’’(H) Net Weight: 3.5lbs Package includes: 1 x Ice Shovel ▌ Contact & Returns: If you have questions about purchases from us contact us through 's Message Center. Items should be returned in their original product packaging and all accessories in the original shipment must be included if you would return the item. ▌ Shippment: • Free Standard Shipping on all items. • All orders are shipped out via UPS, USPS or LTL. • Transit time is 2-7 business days varying on customer’s location to fulfillment center. • Tracking numbers will be automatically updated once order is shipped. • We only ship to the Lower 48 States, no current shipping to Hawaii, Alaska, Puerto Rico, nor Guam. • We do not ship to FPO, APO or PO Boxes.",https://www.ebay.com/itm/Costway-Utility-Ice-Shovel-Snow-Shovel-Spring-Loaded-Ice-Chopper-Ice-Cut/174336422478?,29.49, FREE ,"Fontana, California, United States"
31,Snow Joe Impact Reducing Steel Ice Chopper  7-Inch  Shock Absorbing Handle," WELCOME TO THE OFFICIAL SNOW JOE® + SUN JOE® FACTORY OUTLET STORE SAVE BIG ON SNOW JOE + SUN JOE TOOLS! Snow Joe Impact Reducing Steel Ice Chopper  7-Inch  Shock Absorbing Handle Product Description DICE THE ICE . Chip away those icy days with Snow Joe's 7-Inch Blade Ice Chopper. Built with a spring-loaded handle and a non-slip D-ring grip, the SJEG700 absorbs the shock of ice chopping to reduce wrist and shoulder strain! Its durable, 7-inch carbon steel chopper blade and its heavy-duty steel shaft offer control and precision to swiftly scrape, slice, dice and break through layers of tough ice. The rugged, reinforced D-ring handle provides a safe, secure grasp – even with gloves. When it comes to ice, don’t play nice - Go With Joe! Main Features Shock absorbing, spring-loaded handle reduces strain Durable poly handle Blade size: 7"" wide x 5.5"" high Handle length: 39.7"" Weight: 3.17 lbs Condition Types Payment Shipping Returns Condition Types Payment Shipping Returns Thanks for your interest in the Snow Joe Factory Outlet. We offer products in the following conditions: (Each listing may vary, please check the itemsdetails) Manufacturer refurbished An item that has been professionally restored to working order by a manufacturer or manufacturer-approved vendor. This means the product has been inspected, cleaned, and repaired to meet manufacturer specifications and is in excellent condition. This item may or may not be in the original packaging. See the seller's listing for full details. Used An item that has been used previously. The item may have some signs of cosmetic wear, but is fully operational and functions as intended. This item may be a floor model or store return that has been used. There is no manufacturer's warranty on used items , however, you can return a used product for up to 30 days from the date, you purchased it and get a full refund or exchange the product for another one. New A brand-new, unused, unopened, undamaged item in its original packaging (where packaging is applicable). These items typically include Snow Joe's full manufacturer warranty. New Other A new, unused item with absolutely no signs of wear. The item may be missing the original packaging, or in the original packaging but not sealed. These items typically include Snow Joe's full manufacturer warranty. We accept payment by any of the following methods: Pay Pal ​​​​​​​ We ship via UPS, FedEx, and United States Postal Service carrier methods. Your order will be dispatched within 1 business day of receiving payment (Monday-Friday) and you should expect to receive it within 7 days. Refer to the map below. Most orders ship free within the 48 continental states. Please review the item listing for specific details. In the very unlikely event that your item is lost or damaged during post, then we are responsible and will issue either a full refund or replacement. **Shipping time may be affected by current events** You can return a product for up to 30 days from the date you purchased it. If you are not 100% satisfied with your purchase, please contactusimmediatelyso we can resolve any issues, exchange the product for another one (be it similar or not) or process a full refund. If you are missing any parts, or need replacements, we will gladly provide those items upon request. Any product you return must be in the same condition you received it and in the original packaging. Please keep the receipt. **Exceptions may apply to some Health Supplies** Snow Joe® + Sun Joe® Factory Outlet Super Savings - UP TO 90% OFF Everyday Price! Check out an electric chain saw. Put your hands on a cordless pressure washer or pole saw. Pick up a battery-powered snow thrower or leaf blower. Here’s your chance to have an up-close-and personal experience with the hottest new and nearly-new yard and garden gear - all at huge savings! From new and refurbished to open box, scratch + dent, overstock or factory certified, you’ll find deep discounts on top-quality, innovative tools from the brains and brands that created the eco-friendly category in outdoor tools. Featured Brands High quality, eco-friendly battery + electric outdoor winter-weather tools. Innovative, eco-friendly lawn and garden tools for the spring, summer and fall. Cutting-edge irrigation products and watering accessories for your home, yard and garden. Japanese professional grade, precision-milled home + garden tools. Martha Stewart has teamed up with our experts to bring you the very best tools for your home, yard + garden. Power on demand with a complete line of Portable Generators + Accessories. Warranty By Product Range We aim to provide the highest levels of customer service for every transaction.As the fastest growing yard + garden tool company in America, we stand behind our products and high customer satisfaction and loyalty. All NEW items come with a two-yearwarranty.You may also purchase extended warranties as well. Register onlineand receive an additional 3 months ofwarranty. New New items just for you — just as good as ordering online, but with instant gratification! Preowned Opened and returned. Give Preowned items the loving homes they deserve. Certified Refurbished Our certified factory technicians have given these products their stamp of approval. Seasonal Selection Winter, spring, summer, fall – we have it all! Snow Joe® + Sun Joe® design and create innovative outdoor tools to keep your home, yard and garden looking beautiful throughout the year. From battery-powered hybrid snow blowers and snow throwers, lighted snow brooms and roof rakes, to electric mowers and leaf blowers, pressure washers, tillers, trimmers, hedgers and edgers - there’s a solution for every season. Go With Joe - and get equipped with the right tools to tackle everyday household chores. DICE THE ICE . Chip away those icy days with Snow Joe's 7-Inch Blade Ice Chopper. Built with a spring-loaded handle and a non-slip D-ring grip, the SJEG700 absorbs the shock of ice chopping to reduce wrist and shoulder strain! Its durable, 7-inch carbon steel chopper blade and its heavy-duty steel shaft offer control and precision to swiftly scrape, slice, dice and break through layers of tough ice. The rugged, reinforced D-ring handle provides a safe, secure grasp – even with gloves. When it comes to ice, don’t play nice - Go With Joe! Main Features Shock absorbing, spring-loaded handle reduces strain Durable poly handle Blade size: 7"" wide x 5.5"" high Handle length: 39.7"" Weight: 3.17 lbs",https://www.ebay.com/itm/Snow-Joe-Impact-Reducing-Steel-Ice-Chopper-7-Inch-Shock-Absorbing-Handle/253891586484?,19.99, FREE ,"Carlstadt, New Jersey, United States"
32,Rolling Snow Shovel Pusher Hand Push 30in Heavy Duty Plow Blade Never Flat Wheel," Rolling Snow Shovel Pusher Hand Push 30in Heavy Duty Plow Blade Never Flat Wheel Product Overview 30 in. Push-Plow SnoDozer Snow Shovel on Wheels lets you stand upright with a 2-handed power grip so you can leverage your body weight and momentum to push snow like a plow. Ideal for clearing walks and driveways of those nuisance snowfalls up to 3 in. Heavy-duty polyethylene blade with powder-coated steel uprights are supported with extra-large 10 x 3 in. wheels. Design quickly folds for hanging or other storage. Designed, manufactured, packaged and shipped by America's Working Class. Heavy-duty 30 in. plow pusher is ideal for those nuisance snow falls under 3 in. that are to light for a small scoop shovel, and not worth the hassle of a snow blower 2 handed power grip lets you stand upright and leverage your bodies momentum directly behind the blade to maximize power Quick hassle free shoveling of lighter snows up to 3 in. - 4 in. for driveways and walkaways Never flat 10 in. tires reduce blade friction on this commercial grade rolling snow plow shovel Specifications Dimensions Blade Length (in.) 30 in Blade Width (in.) 30 Handle Length (in.) 45 Product Depth (in.) 40.5 in Product Height (in.) 35 in Product Width (in.) 30 in Details Blade Material Plastic Handle Material Steel Product Weight (lb.) 14.5 lb Returnable 30-Day We're unable to ship this item to homes and stores in: GU,PR,VI",https://www.ebay.com/itm/Rolling-Snow-Shovel-Pusher-Hand-Push-30in-Heavy-Duty-Plow-Blade-Never-Flat-Wheel/224253943314?,139.69, FREE ,"Multiple Locations, United States"
33,"Snow Joe RJ204M 21' Twist-n-Lock Telescoping Snow Shovel Roof Rake with 6"" by 25"," BRAND NEW SEALED ITEM!!! Features: 路    Ideal for removing snow, wet leaves and debris from roofs without climbing 路    Twist-n-Lock telescoping pole quickly adjusts to 21 ft for extended reach 路    Ultra-lightweight construction for easy handling 路    Oversized poly blade rake head measures 6 in. x 25 in. for maximum clearing Product Description: Prevent damage due to the heavy snow loads piled onto your roof and save on costly repairs. Roofer Joe is a handy, easy-to-use and affordable roof rake that quickly lets you remove snow, wet leaves and other debris from your roof while standing safely on solid ground. Roofer Joe Model RJ204M boasts an innovative Twist-n-Lock telescoping pole that quickly and easily adjusts from 6.2 feet to 21 feet for even greater overhead reach. At only 4.8 lbs., Roofer Joe is ultra-lightweight, durable and easy to handle. Its oversized poly-blade rake-head measures 6-inches wide by 25-inches long for maximum clearing power. Get Equipped for winter cleanup with Roofer Joe and defend your home when winter strikes.",https://www.ebay.com/itm/Snow-Joe-RJ204M-21-Twist-n-Lock-Telescoping-Snow-Shovel-Roof-Rake-with-6-by-25/203141795334?,35.90, FREE ,"Multiple Warehouse, United States"
34,18 in Strain Reducing Snow Shovel with Spring-Assist Handle Shovelution Powerful," 18 in Strain Reducing Snow Shovel with Spring-Assist Handle Shovelution Powerful Product Overview Time to toss out the old shovels; backbreaking winter-weather cleanups are a thing of the past with the Snow Joe SJ-SHLV01 Shovelution Back-Saving Snow Shovel - the next generation in snow-clearing technology. Snow Joe's back-saving solution greatly reduces the effort, strain and potential injury involved in shoveling, using the powerful muscles of your upper body to do the lifting and throwing, and sending lifting leverage to the lower hand - to reduce back strain by up to 30%. Plus, Snow Joe's spring-loaded, ergonomic shovel grip captures the expended energy from the act of throwing the snow, to quickly return and reset the shovel, ready for the next load. Comfortable, ergonomic D-ring handle grips Acts as a fulcrum - changes mechanics of shoveling, reduces strain Gives lifting leverage to the lower hand to lift greater loads with ease Back-saving handle - improves posture, reduces the need to bend Disclaimer: Please note we do offer international shipping on most of our smaller items through 's Global Shipping Program. Our electronic items are only rated for use inside the United States. If you order an electronic item for use outside the USA, that is at your own risk. If the product gets damaged or does not work, you will be liable and we will not accept a return of the item.",https://www.ebay.com/itm/18-in-Strain-Reducing-Snow-Shovel-with-Spring-Assist-Handle-Shovelution-Powerful/313339972713?,26.65, FREE ,"Multiple Locations, USA, United States"
